Germany,Riesling,91
Germany,Silvaner,91
Germany,Lemberger,90
Germany,Riesling,90
Germany,Früburgunder,90
Germany,Riesling,89
Germany,Riesling,90
Germany,Riesling,90
Germany,Riesling,90
Germany,Riesling,91
Germany,Riesling,91
Germany,Riesling,91
Germany,Scheurebe,91
Germany,Riesling,91
Germany,Riesling,91
Germany,Riesling,91
Germany,Riesling,91
Germany,Riesling,91
Germany,Riesling,91
Germany,Riesling,91
Germany,Riesling,90
Germany,Riesling,90
Germany,Pinot Gris,89
Germany,Riesling,90
Germany,Riesling,91
Germany,Riesling,91
Germany,Lemberger,91
Germany,Riesling,90
Germany,Müller-Thurgau,90
Germany,Riesling,90
Germany,Riesling,90
Germany,Riesling,89
Germany,Riesling,91
Germany,Silvaner,90
Germany,Schwartzriesling,90
Germany,Riesling,90
Germany,Pinot Blanc,90
Germany,Riesling,90
Germany,Riesling,90
Germany,Riesling,90
Germany,Spätburgunder,90
Germany,Pinot Gris,88
Germany,Schwartzriesling,90
Germany,Riesling,90
Germany,Spätburgunder,90
Germany,Riesling,90
Germany,Riesling,90
Germany,Riesling,90
Germany,Spätburgunder,90
Germany,Riesling,90
Germany,Riesling,90
Germany,Riesling,90
Germany,Riesling,90
Germany,Scheurebe,88
Germany,Riesling,90
Germany,Red Blend,90
Germany,Riesling,90
Germany,Riesling,90
Germany,Riesling,90
Germany,Riesling,90
Germany,Riesling,90
Germany,Pinot Blanc,90
Germany,Riesling,90
Germany,Rivaner,88
Germany,Riesling,88
Germany,Riesling,90
Germany,Pinot Noir,90
Germany,Riesling,90
Germany,Pinot Noir,90
Germany,Riesling,90
Germany,Riesling,90
Germany,Lemberger,89
Germany,Riesling,88
Germany,Riesling,90
Germany,Riesling,90
Germany,Riesling,90
Germany,Riesling,90
Germany,Riesling,90
Germany,Riesling,90
Germany,Riesling,90
Germany,Pinot Noir,90
Germany,Spätburgunder,90
Germany,Riesling,90
Germany,Riesling,90
Germany,Silvaner,90
Germany,Lemberger,89
Germany,Riesling,89
Germany,Riesling,89
Germany,Silvaner,88
Germany,Riesling,88
Germany,Riesling,88
Germany,Rieslaner,90
Germany,Riesling,90
Germany,Riesling,90
Germany,Riesling,90
Germany,Riesling,90
Germany,Riesling,90
Germany,Dornfelder,89
Germany,Pinot Gris,89
Germany,Silvaner,89
Germany,Riesling,89
Germany,Gewürztraminer,88
Germany,Riesling,88
Germany,Riesling,88
Germany,Riesling,88
Germany,Spätburgunder,89
Germany,Pinot Noir,89
Germany,Riesling,89
Germany,Riesling,89
Germany,Pinot Gris,89
Germany,Grauburgunder,89
Germany,Riesling,89
Germany,Riesling,89
Germany,Riesling,89
Germany,Riesling,88
Germany,Riesling,88
Germany,Riesling,88
Germany,Gewürztraminer,88
Germany,Riesling,89
Germany,Riesling,89
Germany,Riesling,89
Germany,Riesling,89
Germany,Riesling,89
Germany,Riesling,89
Germany,Riesling,89
Germany,Riesling,89
Germany,Riesling,89
Germany,Riesling,89
Germany,Riesling,89
Germany,Riesling,89
Germany,Riesling,89
Germany,Riesling,89
Germany,Pinot Noir,89
Germany,Muskateller,87
Germany,Riesling,87
Germany,Riesling,89
Germany,Pinot Noir,89
Germany,Riesling,89
Germany,Riesling,89
Germany,Riesling,89
Germany,Riesling,89
Germany,Spätburgunder,89
Germany,Riesling,89
Germany,Riesling,89
Germany,Riesling,89
Germany,Riesling,89
Germany,Elbling,89
Germany,Gewürztraminer,89
Germany,Lemberger,88
Germany,Riesling,87
Germany,Muskateller,87
Germany,Riesling,87
Germany,Riesling,89
Germany,Riesling,88
Germany,Pinot Noir,89
Germany,Riesling,89
Germany,Riesling,88
Germany,Riesling,88
Germany,Auxerrois,87
Germany,Riesling,87
Germany,Riesling,87
Germany,Riesling,87
Germany,Scheurebe,87
Germany,Riesling,88
Germany,Riesling,88
Germany,Riesling,88
Germany,Riesling,88
Germany,Riesling,88
Germany,Riesling,88
Germany,Riesling,88
Germany,Riesling,87
Germany,Riesling,88
Germany,Riesling,88
Germany,Spätburgunder,88
Germany,Riesling,88
Germany,Riesling,88
Germany,Riesling,88
Germany,Riesling,88
Germany,Pinot Blanc,88
Germany,Riesling,87
Germany,Riesling,86
Germany,Pinot Blanc,88
Germany,Riesling,88
Germany,Gewürztraminer,88
Germany,Pinot Noir,88
Germany,Riesling,88
Germany,Riesling,88
Germany,St. Laurent,88
Germany,Riesling,88
Germany,Riesling,88
Germany,Riesling,86
Germany,Riesling,95
Germany,Riesling,94
Germany,Riesling,88
Germany,Riesling,88
Germany,Riesling,88
Germany,Spätburgunder,88
Germany,Riesling,88
Germany,Riesling,88
Germany,Riesling,88
Germany,Riesling,88
Germany,Riesling,86
Germany,Riesling,86
Germany,Riesling,94
Germany,Riesling,94
Germany,Riesling,94
Germany,Riesling,94
Germany,Riesling,88
Germany,Riesling,88
Germany,Riesling,88
Germany,Rosé,88
Germany,Riesling,88
Germany,Riesling,88
Germany,Riesling,93
Germany,Riesling,93
Germany,Riesling,93
Germany,Riesling,93
Germany,Rieslaner,93
Germany,Riesling,88
Germany,Riesling,88
Germany,Riesling,87
Germany,Spätburgunder,87
Germany,Riesling,87
Germany,Elbling,86
Germany,Riesling,93
Germany,Gewürztraminer,87
Germany,Riesling,87
Germany,Riesling,87
Germany,Riesling,86
Germany,Riesling,93
Germany,Riesling,93
Germany,Riesling,93
Germany,Riesling,87
Germany,Riesling,87
Germany,Riesling,87
Germany,Riesling,87
Germany,Riesling,87
Germany,Riesling,87
Germany,Riesling,93
Germany,Riesling,92
Germany,Pinot Noir,92
Germany,Riesling,92
Germany,Riesling,92
Germany,Riesling,92
Germany,Riesling,87
Germany,Spätburgunder,87
Germany,Gewürztraminer,87
Germany,Pinot Grigio,87
Germany,Riesling,87
Germany,Rosé,87
Germany,Riesling,87
Germany,Riesling,87
Germany,Riesling,92
Germany,Riesling,92
Germany,Riesling,87
Germany,Riesling,87
Germany,Rosé,87
Germany,Riesling,87
Germany,Elbling,87
Germany,Riesling,87
Germany,Riesling,92
Germany,Riesling,92
Germany,Riesling,87
Germany,Spätburgunder,86
Germany,Riesling,87
Germany,Riesling,87
Germany,Riesling,87
Germany,Gewürztraminer,87
Germany,St. Laurent,87
Germany,Rosé,86
Germany,Riesling,92
Germany,Riesling,86
Germany,Riesling,86
Germany,Gewürztraminer,86
Germany,Riesling,86
Germany,Riesling,92
Germany,Riesling,92
Germany,Riesling,91
Germany,Riesling,86
Germany,Riesling,86
Germany,Riesling,91
Germany,Riesling,86
Germany,Riesling,86
Germany,Riesling,86
Germany,Riesling,86
Germany,Pinot Noir,86
Germany,Riesling,86
Germany,Rosé,85
Germany,Riesling,95
Germany,Riesling,95
Germany,Riesling,95
Germany,Riesling,85
Germany,Riesling,95
Germany,Riesling,94
Germany,Riesling,94
Germany,Riesling,95
Germany,Riesling,95
Germany,Riesling,94
Germany,Riesling,94
Germany,Riesling,94
Germany,Riesling,94
Germany,Riesling,93
Germany,Riesling,94
Germany,Riesling,94
Germany,Riesling,94
Germany,Riesling,93
Germany,Riesling,93
Germany,Riesling,93
Germany,Riesling,93
Germany,Riesling,94
Germany,Riesling,94
Germany,Riesling,92
Germany,Riesling,92
Germany,Riesling,93
Germany,Riesling,93
Germany,Riesling,92
Germany,Riesling,92
Germany,Riesling,92
Germany,Riesling,93
Germany,Riesling,93
Germany,Riesling,93
Germany,Riesling,93
Germany,Riesling,92
Germany,Riesling,92
Germany,Riesling,92
Germany,Riesling,92
Germany,Riesling,93
Germany,Riesling,93
Germany,Riesling,93
Germany,Riesling,93
Germany,Riesling,93
Germany,Riesling,92
Germany,Riesling,92
Germany,Riesling,91
Germany,Riesling,91
Germany,Riesling,90
Germany,Riesling,90
Germany,Riesling,87
Germany,Riesling,87
Germany,Riesling,87
Germany,Riesling,87
Germany,Riesling,89
Germany,Riesling,87
Germany,Riesling,87
Germany,Riesling,87
Germany,Riesling,87
Germany,Riesling,87
Germany,Riesling,87
Germany,Riesling,88
Germany,Silvaner,88
Germany,Riesling,88
Germany,Riesling,88
Germany,Pinot Blanc,88
Germany,Spätburgunder,87
Germany,Riesling,97
Germany,Riesling,96
Germany,Riesling,91
Germany,Riesling,87
Germany,Riesling,95
Germany,Riesling,93
Germany,Riesling,93
Germany,Riesling,93
Germany,Riesling,93
Germany,Riesling,93
Germany,Riesling,87
Germany,Riesling,87
Germany,Riesling,87
Germany,Riesling,87
Germany,Riesling,87
Germany,Riesling,87
Germany,Riesling,92
Germany,Riesling,92
Germany,Riesling,92
Germany,Kerner,90
Germany,Riesling,87
Germany,Riesling,87
Germany,Riesling,87
Germany,Riesling,90
Germany,Riesling,92
Germany,Riesling,92
Germany,Riesling,92
Germany,Riesling,91
Germany,Riesling,90
Germany,Riesling,87
Germany,Riesling,86
Germany,Riesling,86
Germany,Riesling,86
Germany,Riesling,86
Germany,Riesling,90
Germany,Riesling,91
Germany,Riesling,91
Germany,Riesling,91
Germany,Riesling,89
Germany,Riesling,86
Germany,Riesling,86
Germany,Riesling,86
Germany,Riesling,86
Germany,Riesling,86
Germany,Riesling,91
Germany,Riesling,91
Germany,Riesling,91
Germany,Riesling,91
Germany,Riesling,85
Germany,Riesling,85
Germany,Riesling,85
Germany,Riesling,85
Germany,Pinot Grigio,85
Germany,Riesling,85
Germany,Riesling,91
Germany,Chardonnay,91
Germany,Weissburgunder,90
Germany,Riesling,90
Germany,Riesling,90
Germany,Riesling,85
Germany,Riesling,85
Germany,Riesling,85
Germany,Riesling,90
Germany,Riesling,90
Germany,Riesling,90
Germany,Riesling,90
Germany,Riesling,90
Germany,Riesling,84
Germany,Riesling,84
Germany,Riesling,84
Germany,Riesling,84
Germany,Riesling,84
Germany,Riesling,90
Germany,Riesling,84
Germany,Riesling,84
Germany,Riesling,84
Germany,Riesling,84
Germany,White Blend,84
Germany,Chardonnay Weissburgunder,90
Germany,Riesling,90
Germany,Riesling,87
Germany,Riesling,84
Germany,Riesling,84
Germany,Riesling,90
Germany,Riesling,90
Germany,Riesling,90
Germany,Riesling,89
Germany,Riesling,89
Germany,Riesling,89
Germany,Riesling,89
Germany,Riesling,89
Germany,Riesling,87
Germany,White Blend,83
Germany,Riesling,89
Germany,Riesling,89
Germany,Riesling,89
Germany,Riesling,89
Germany,Riesling,89
Germany,Riesling,86
Germany,Riesling,86
Germany,Riesling,86
Germany,Riesling,86
Germany,Riesling,82
Germany,Riesling,82
Germany,Silvaner,81
Germany,Pinot Blanc,89
Germany,Riesling,89
Germany,Gewürztraminer,89
Germany,Riesling,89
Germany,Gewürztraminer,89
Germany,Riesling,89
Germany,Gewürztraminer,89
Germany,Riesling,86
Germany,Riesling,89
Germany,Gewürztraminer,89
Germany,Riesling,86
Germany,Riesling,91
Germany,Riesling,88
Germany,Scheurebe,88
Germany,Riesling,91
Germany,Riesling,88
Germany,Riesling,88
Germany,Riesling,88
Germany,Riesling,88
Germany,Riesling,88
Germany,Riesling,88
Germany,Riesling,85
Germany,Riesling,84
Germany,Riesling,90
Germany,Riesling,90
Germany,Riesling,88
Germany,Riesling,88
Germany,Riesling,84
Germany,Gewürztraminer,88
Germany,Rosé,88
Germany,Riesling,84
Germany,Riesling,84
Germany,Riesling,84
Germany,Riesling,84
Germany,Riesling,84
Germany,Riesling,84
Germany,Pinot Noir,88
Germany,Riesling,83
Germany,Cabernet Sauvignon,87
Germany,Riesling,87
Germany,Riesling,87
Germany,Riesling,82
Germany,Riesling,82
Germany,Riesling,81
Germany,White Blend,87
Germany,Riesling,87
Germany,Riesling,87
Germany,Riesling,87
Germany,Pinot Noir,87
Germany,Riesling,87
Germany,Rosé,87
Germany,Gewürztraminer,87
Germany,Riesling,86
Germany,Pinot Gris,86
Germany,Pinot Noir,86
Germany,Riesling,86
Germany,Gewürztraminer,86
Germany,Riesling,86
Germany,Riesling,85
Germany,Riesling,92
Germany,Riesling,85
Germany,Riesling,85
Germany,Spätburgunder,85
Germany,Riesling,85
Germany,Riesling,85
Germany,Riesling,91
Germany,Riesling,85
Germany,Riesling,84
Germany,Riesling,84
Germany,Riesling,84
Germany,Riesling,84
Germany,Riesling,84
Germany,Riesling,84
Germany,Riesling,90
Germany,Riesling,90
Germany,Riesling,83
Germany,Riesling,90
Germany,Riesling,90
Germany,Riesling,90
Germany,Gewürztraminer,82
Germany,Riesling,89
Germany,Riesling,89
Germany,Riesling,88
Germany,Riesling,88
Germany,Riesling,87
Germany,Riesling,87
Germany,Riesling,86
Germany,Riesling,85
Germany,Riesling,85
Germany,Riesling,85
Germany,Riesling,85
Germany,Riesling,84
Germany,Riesling,84
Germany,Riesling,97
Germany,Riesling,97
Germany,Riesling,96
Germany,Riesling,96
Germany,Riesling,96
Germany,Riesling,96
Germany,Riesling,95
Germany,Riesling,95
Germany,Riesling,95
Germany,Riesling,95
Germany,Riesling,94
Germany,Riesling,94
Germany,Riesling,94
Germany,Riesling,94
Germany,Riesling,94
Germany,Riesling,94
Germany,Riesling,93
Germany,Riesling,93
Germany,Riesling,93
Germany,Riesling,93
Germany,Riesling,93
Germany,Riesling,92
Germany,Riesling,92
Germany,Riesling,92
Germany,Riesling,91
Germany,Riesling,91
Germany,Riesling,91
Germany,Riesling,90
Germany,Riesling,90
Germany,Riesling,91
Germany,Riesling,91
Germany,Riesling,91
Germany,Riesling,91
Germany,Riesling,91
Germany,Riesling,91
Germany,Riesling,89
Germany,Riesling,87
Germany,Riesling,91
Germany,Pinot Noir,91
Germany,Riesling,91
Germany,Riesling,91
Germany,Riesling,91
Germany,Riesling,89
Germany,Riesling,89
Germany,Riesling,89
Germany,Riesling,89
Germany,Riesling,89
Germany,Pinot Noir,89
Germany,Riesling,90
Germany,Riesling,90
Germany,Riesling,90
Germany,Riesling,90
Germany,Riesling,90
Germany,Riesling,89
Germany,Riesling,89
Germany,Riesling,89
Germany,Red Blend,89
Germany,Spätburgunder,89
Germany,Riesling,90
Germany,Riesling,90
Germany,Riesling,90
Germany,Riesling,90
Germany,Riesling,91
Germany,Silvaner,91
Germany,Riesling,89
Germany,Riesling,90
Germany,Riesling,90
Germany,Riesling,90
Germany,Riesling,90
Germany,Riesling,90
Germany,Riesling,90
Germany,Riesling,90
Germany,Riesling,89
Germany,Spätburgunder,86
Germany,Riesling,90
Germany,Riesling,95
Germany,Riesling,95
Germany,Riesling,90
Germany,Riesling,95
Germany,Riesling,94
Germany,Riesling,94
Germany,Riesling,90
Germany,Riesling,90
Germany,Riesling,86
Germany,Riesling,94
Germany,Riesling,94
Germany,Riesling,94
Germany,Riesling,93
Germany,Riesling,90
Germany,Weissburgunder,90
Germany,Pinot Blanc,90
Germany,Riesling,86
Germany,Riesling,86
Germany,Riesling,93
Germany,Riesling,93
Germany,Riesling,93
Germany,Riesling,93
Germany,Spätburgunder,90
Germany,Riesling,90
Germany,Riesling,90
Germany,Riesling,92
Germany,Riesling,92
Germany,Riesling,90
Germany,Riesling,90
Germany,Riesling,90
Germany,Pinot Blanc,90
Germany,Riesling,90
Germany,Riesling,90
Germany,Pinot Noir,90
Germany,Riesling,90
Germany,Riesling,92
Germany,Riesling,92
Germany,Riesling,92
Germany,Riesling,90
Germany,Silvaner,90
Germany,Riesling,92
Germany,Riesling,92
Germany,Riesling,92
Germany,Riesling,92
Germany,Dornfelder,89
Germany,Pinot Gris,89
Germany,Silvaner,89
Germany,Riesling,89
Germany,Riesling,92
Germany,Pinot Noir,89
Germany,Riesling,89
Germany,Riesling,89
Germany,Pinot Gris,89
Germany,Riesling,91
Germany,Riesling,91
Germany,Grauburgunder,89
Germany,Riesling,89
Germany,Riesling,89
Germany,Riesling,89
Germany,Riesling,89
Germany,Riesling,89
Germany,Riesling,91
Germany,Riesling,91
Germany,Riesling,91
Germany,Riesling,89
Germany,Riesling,89
Germany,Pinot Noir,89
Germany,Riesling,91
Germany,Riesling,91
Germany,Riesling,89
Germany,Riesling,89
Germany,Riesling,91
Germany,Riesling,91
Germany,Riesling,91
Germany,Riesling,91
Germany,Riesling,91
Germany,Riesling,90
Germany,Riesling,90
Germany,Riesling,89
Germany,Elbling,89
Germany,Gewürztraminer,89
Germany,Lemberger,88
Germany,Riesling,88
Germany,Riesling,88
Germany,Riesling,90
Germany,Riesling,90
Germany,Riesling,88
Germany,Riesling,88
Germany,Riesling,88
Germany,Riesling,88
Germany,Riesling,90
Germany,Riesling,90
Germany,Riesling,88
Germany,Riesling,88
Germany,Riesling,88
Germany,Riesling,90
Germany,Riesling,90
Germany,Riesling,90
Germany,Riesling,88
Germany,Gewürztraminer,88
Germany,Weissburgunder,88
Germany,Riesling,94
Germany,Riesling,94
Germany,Riesling,89
Germany,Riesling,88
Germany,Weissburgunder,88
Germany,Riesling,93
Germany,Riesling,89
Germany,Riesling,88
Germany,Riesling,88
Germany,Riesling,88
Germany,Riesling,93
Germany,Riesling,93
Germany,Riesling,93
Germany,Riesling,93
Germany,Riesling,93
Germany,Riesling,93
Germany,Riesling,93
Germany,Riesling,93
Germany,Riesling,93
Germany,Rosé,88
Germany,Riesling,88
Germany,Riesling,88
Germany,Riesling,95
Germany,Riesling,95
Germany,Riesling,95
Germany,Riesling,95
Germany,Riesling,95
Germany,Riesling,88
Germany,Riesling,87
Germany,Riesling,92
Germany,Riesling,92
Germany,Riesling,92
Germany,Riesling,88
Germany,Riesling,94
Germany,Gewürztraminer,87
Germany,Riesling,87
Germany,Riesling,87
Germany,Riesling,92
Germany,Riesling,92
Germany,Riesling,92
Germany,Riesling,92
Germany,Riesling,94
Germany,Riesling,87
Germany,Riesling,87
Germany,Riesling,87
Germany,Riesling,87
Germany,Riesling,92
Germany,Riesling,91
Germany,Riesling,88
Germany,Riesling,93
Germany,Riesling,93
Germany,Riesling,93
Germany,Riesling,93
Germany,Riesling,93
Germany,Riesling,87
Germany,Spätburgunder,87
Germany,Gewürztraminer,87
Germany,Pinot Grigio,87
Germany,Riesling,87
Germany,Riesling,87
Germany,Riesling,91
Germany,Riesling,91
Germany,Riesling,91
Germany,Riesling,93
Germany,Riesling,87
Germany,Riesling,87
Germany,Rosé,87
Germany,Riesling,87
Germany,Elbling,87
Germany,Riesling,91
Germany,Riesling,91
Germany,Riesling,91
Germany,Riesling,91
Germany,Riesling,91
Germany,Riesling,91
Germany,Riesling,93
Germany,Riesling,93
Germany,Riesling,87
Germany,Elbling,87
Germany,Riesling,87
Germany,Riesling,91
Germany,Riesling,92
Germany,Riesling,92
Germany,Riesling,87
Germany,Riesling,87
Germany,Riesling,87
Germany,Gewürztraminer,87
Germany,St. Laurent,87
Germany,Rosé,86
Germany,Riesling,87
Germany,Riesling,87
Germany,Riesling,92
Germany,Riesling,92
Germany,Riesling,92
Germany,Riesling,92
Germany,Riesling,90
Germany,Riesling,90
Germany,Riesling,86
Germany,Gewürztraminer,86
Germany,Riesling,86
Germany,Riesling,92
Germany,Riesling,92
Germany,Riesling,92
Germany,Riesling,90
Germany,Riesling,90
Germany,Riesling,86
Germany,Riesling,90
Germany,Pinot Noir,86
Germany,Riesling,94
Germany,Riesling,94
Germany,Riesling,94
Germany,Riesling,94
Germany,Riesling,94
Germany,Riesling,87
Germany,Riesling,87
Germany,Riesling,87
Germany,Riesling,87
Germany,Riesling,90
Germany,Riesling,90
Germany,Riesling,90
Germany,Riesling,90
Germany,Riesling,93
Germany,Riesling,93
Germany,Riesling,93
Germany,Riesling,93
Germany,Spätburgunder,93
Germany,Riesling,87
Germany,Riesling,87
Germany,Riesling,87
Germany,Riesling,87
Germany,Riesling,87
Germany,Riesling,87
Germany,Riesling,90
Germany,Pinot Noir,92
Germany,Rosé,85
Germany,Riesling,89
Germany,Riesling,92
Germany,Riesling,92
Germany,Riesling,92
Germany,Riesling,89
Germany,Riesling,89
Germany,Riesling,91
Germany,Riesling,91
Germany,Pinot Blanc,91
Germany,Riesling,91
Germany,Riesling,91
Germany,Riesling,91
Germany,Riesling,91
Germany,Spätburgunder,91
Germany,Riesling,91
Germany,Riesling,86
Germany,Riesling,91
Germany,Riesling,91
Germany,Riesling,91
Germany,Riesling,86
Germany,Riesling,86
Germany,Riesling,86
Germany,Riesling,88
Germany,Riesling,91
Germany,Spätburgunder,91
Germany,Riesling,91
Germany,Grauburgunder,91
Germany,Riesling,91
Germany,Riesling,91
Germany,Riesling,86
Germany,Silvaner,86
Germany,Riesling,86
Germany,Silvaner-Traminer,86
Germany,Riesling,85
Germany,Silvaner,85
Germany,Riesling,85
Germany,Riesling,90
Germany,Riesling,90
Germany,Riesling,90
Germany,Riesling,90
Germany,Riesling,85
Germany,Riesling,90
Germany,Riesling,90
Germany,Riesling,90
Germany,Riesling,90
Germany,Riesling,90
Germany,Riesling,90
Germany,Riesling,90
Germany,Riesling,90
Germany,Riesling,90
Germany,Riesling,90
Germany,Riesling,90
Germany,Riesling,88
Germany,Riesling,90
Germany,Riesling,90
Germany,Riesling,90
Germany,Riesling,89
Germany,Silvaner,87
Germany,Riesling,87
Germany,Pinot Gris,89
Germany,Riesling,89
Germany,Riesling,89
Germany,Riesling,89
Germany,Riesling,89
Germany,Riesling,87
Germany,Riesling,87
Germany,Riesling,89
Germany,Riesling,89
Germany,Riesling,89
Germany,Riesling,87
Germany,Riesling,87
Germany,Riesling,87
Germany,Pinot Noir,89
Germany,Riesling,89
Germany,Pinot Noir,89
Germany,Riesling,87
Germany,Riesling,87
Germany,Riesling,89
Germany,Riesling,89
Germany,Riesling,89
Germany,Riesling,89
Germany,Riesling,89
Germany,Riesling,87
Germany,Spätburgunder,86
Germany,Riesling,89
Germany,Riesling,89
Germany,Weissburgunder,89
Germany,Riesling,89
Germany,Riesling,89
Germany,Pinot Gris,89
Germany,Pinot Gris,89
Germany,Riesling,86
Germany,Riesling,86
Germany,Riesling,86
Germany,Riesling,86
Germany,Riesling,86
Germany,Riesling,88
Germany,Riesling,86
Germany,Riesling,86
Germany,Riesling,86
Germany,Silvaner,86
Germany,Riesling,88
Germany,Riesling,88
Germany,Riesling,88
Germany,Riesling,86
Germany,Riesling,86
Germany,Riesling,86
Germany,Riesling,86
Germany,Riesling,86
Germany,Riesling,86
Germany,Riesling,86
Germany,Riesling,85
Germany,Riesling,85
Germany,Riesling,88
Germany,Riesling,88
Germany,Riesling,88
Germany,Riesling,85
Germany,Riesling,85
Germany,Silvaner,85
Germany,Pinot Noir,85
Germany,Riesling,88
Germany,Riesling,88
Germany,Riesling,85
Germany,Riesling,85
Germany,Riesling,85
Germany,Riesling,88
Germany,Riesling,88
Germany,Riesling,88
Germany,Silvaner,85
Germany,Riesling,85
Germany,Riesling,85
Germany,Riesling,92
Germany,Riesling,92
Germany,Riesling,84
Germany,Riesling,84
Germany,Spätburgunder,84
Germany,Silvaner,84
Germany,Riesling,92
Germany,Riesling,92
Germany,Riesling,84
Germany,Riesling,84
Germany,Riesling,84
Germany,Silvaner,84
Germany,Riesling,91
Germany,Riesling,91
Germany,Riesling,91
Germany,Riesling,87
Germany,Riesling,84
Germany,Riesling,83
Germany,Riesling,91
Germany,Riesling,91
Germany,Riesling,91
Germany,Riesling,83
Germany,Riesling,83
Germany,Silvaner,83
Germany,Riesling,83
Germany,Riesling,83
Germany,Riesling,91
Germany,Riesling,90
Germany,Riesling,90
Germany,Silvaner,83
Germany,Riesling,83
Germany,Riesling,83
Germany,Riesling,83
Germany,Silvaner,82
Germany,Silvaner,82
Germany,Silvaner,82
Germany,Riesling,82
Germany,Riesling,87
Germany,Riesling,90
Germany,Riesling,90
Germany,Riesling,82
Germany,Riesling,90
Germany,Riesling,90
Germany,Riesling,90
Germany,Riesling,86
Germany,Riesling,89
Germany,Riesling,89
Germany,Riesling,89
Germany,Riesling,86
Germany,Riesling,89
Germany,Riesling,89
Germany,Riesling,89
Germany,Riesling,89
Germany,Riesling,89
Germany,Pinot Gris,88
Germany,Riesling,88
Germany,Riesling,87
Germany,Muskateller,87
Germany,Riesling,87
Germany,Riesling,87
Germany,Riesling,86
Germany,Spätburgunder,87
Germany,Riesling,88
Germany,Pinot Noir,87
Germany,Gewürztraminer,87
Germany,Riesling,88
Germany,Gewürztraminer,87
Germany,Gewürztraminer,87
Germany,Riesling,88
Germany,Silvaner,90
Germany,Scheurebe,87
Germany,Riesling,87
Germany,White Blend,87
Germany,Riesling,87
Germany,Riesling,87
Germany,Riesling,87
Germany,Riesling,86
Germany,Riesling,86
Germany,Riesling,86
Germany,Red Blend,86
Germany,Spätburgunder,86
Germany,Riesling,87
Germany,Gewürztraminer,86
Germany,Riesling,86
Germany,Chardonnay,86
Germany,Riesling,87
Germany,Riesling,85
Germany,Riesling,85
Germany,Red Blend,85
Germany,Riesling,87
Germany,Pinot Noir,85
Germany,Gewürztraminer,85
Germany,Red Blend,85
Germany,Spätburgunder,87
Germany,Riesling,97
Germany,Riesling,96
Germany,Gewürztraminer,84
Germany,Spätburgunder,84
Germany,Riesling,84
Germany,Gewürztraminer,84
Germany,Gewürztraminer-Riesling,84
Germany,Pinot Noir,84
Germany,Riesling,95
Germany,Riesling,88
Germany,Riesling,93
Germany,Riesling,93
Germany,Riesling,93
Germany,Riesling,93
Germany,Riesling,93
Germany,Pinot Blanc,82
Germany,Pinot Noir,82
Germany,Riesling,92
Germany,Riesling,92
Germany,Riesling,92
Germany,Riesling,86
Germany,Riesling,86
Germany,Riesling,92
Germany,Riesling,92
Germany,Riesling,92
Germany,Riesling,91
Germany,Riesling,91
Germany,Riesling,91
Germany,Riesling,91
Germany,Riesling,91
Germany,Riesling,91
Germany,Riesling,91
Germany,Riesling,91
Germany,Riesling,85
Germany,Riesling,91
Germany,Chardonnay,91
Germany,Weissburgunder,90
Germany,Riesling,90
Germany,Riesling,90
Germany,Riesling,85
Germany,Riesling,85
Germany,Riesling,90
Germany,Riesling,90
Germany,Riesling,90
Germany,Riesling,90
Germany,Riesling,90
Germany,Riesling,84
Germany,Riesling,90
Germany,Riesling,96
Germany,Chardonnay Weissburgunder,90
Germany,Riesling,90
Germany,Riesling,96
Germany,Riesling,95
Germany,Riesling,94
Germany,Riesling,94
Germany,Riesling,94
Germany,Riesling,86
Germany,Riesling,90
Germany,Riesling,90
Germany,Riesling,90
Germany,Riesling,89
Germany,Riesling,89
Germany,Riesling,89
Germany,Riesling,89
Germany,Riesling,89
Germany,Riesling,93
Germany,Riesling,93
Germany,Riesling,92
Germany,Riesling,89
Germany,Riesling,89
Germany,Riesling,89
Germany,Riesling,89
Germany,Riesling,89
Germany,Riesling,92
Germany,Riesling,92
Germany,Pinot Blanc,89
Germany,Riesling,89
Germany,Gewürztraminer,89
Germany,Riesling,89
Germany,Gewürztraminer,89
Germany,Riesling,89
Germany,Gewürztraminer,89
Germany,Riesling,91
Germany,Riesling,89
Germany,Gewürztraminer,89
Germany,Silvaner,90
Germany,Riesling,88
Germany,Scheurebe,88
Germany,Riesling,90
Germany,Riesling,88
Germany,Riesling,88
Germany,Riesling,88
Germany,Riesling,88
Germany,Riesling,88
Germany,Riesling,88
Germany,Riesling,89
Germany,Riesling,89
Germany,Riesling,88
Germany,Riesling,88
Germany,Silvaner,89
Germany,Riesling,89
Germany,Riesling,82
Germany,Pinot Noir,82
Germany,Riesling,82
Germany,Riesling,87
Germany,Gewürztraminer,88
Germany,Rosé,88
Germany,Chardonnay-Pinot Blanc,87
Germany,Riesling,87
Germany,Riesling,87
Germany,Riesling,82
Germany,Scheurebe,81
Germany,Riesling,81
Germany,Riesling,81
Germany,Pinot Noir,88
Germany,Spätburgunder,81
Germany,Pinot Noir,80
Germany,Cabernet Sauvignon,87
Germany,Riesling,87
Germany,Riesling,87
Germany,Silvaner,88
Germany,Riesling,87
Germany,White Blend,87
Germany,Riesling,87
Germany,Riesling,87
Germany,Riesling,87
Germany,Riesling,86
Germany,Pinot Noir,87
Germany,Riesling,87
Germany,Riesling,85
Germany,Pinot Gris,85
Germany,Rosé,87
Germany,Silvaner,86
Germany,Pinot Gris,85
Germany,Gewürztraminer,87
Germany,Riesling,84
Germany,Riesling,86
Germany,Gewürztraminer,84
Germany,Pinot Gris,86
Germany,Pinot Noir,86
Germany,Sparkling Blend,85
Germany,Riesling,84
Germany,Riesling,84
Germany,Riesling,86
Germany,Gewürztraminer,86
Germany,Riesling,86
Germany,Pinot Noir,84
Germany,Riesling,87
Germany,Spätburgunder,83
Germany,Spätburgunder,82
Germany,Riesling,86
Germany,Pinot Noir,81
Germany,Riesling,86
Germany,Riesling,89
Germany,Riesling,89
Germany,Riesling,88
Germany,Riesling,88
Germany,Riesling,88
Germany,Red Blend,88
Germany,Riesling,88
Germany,Riesling,87
Germany,Riesling,87
Germany,Riesling,87
Germany,Riesling,87
Germany,Riesling,87
Germany,Riesling,87
Germany,Riesling,85
Germany,Riesling,84
Germany,Riesling,86
Germany,Riesling,86
Germany,Riesling,84
Germany,Riesling,84
Germany,Riesling,82
Germany,Riesling,84
Germany,Riesling,83
Germany,Riesling,82
Germany,Chardonnay,88
Germany,Riesling,87
Germany,Riesling,94
Germany,Riesling,89
Germany,Riesling,87
Germany,Riesling,92
Germany,Riesling,92
Germany,Riesling,92
Germany,Riesling,92
Germany,Riesling,92
Germany,Riesling,92
Germany,Riesling,92
Germany,Riesling,91
Germany,Riesling,91
Germany,Riesling,87
Germany,Riesling,91
Germany,Riesling,91
Germany,Riesling,91
Germany,Riesling,91
Germany,Riesling,95
Germany,Riesling,94
Germany,Riesling,94
Germany,Riesling,94
Germany,Riesling,94
Germany,Riesling,90
Germany,Riesling,93
Germany,Riesling,92
Germany,Riesling,90
Germany,Riesling,92
Germany,Sparkling Blend,85
Germany,Riesling,90
Germany,Riesling,92
Germany,Riesling,92
Germany,Riesling,91
Germany,Riesling,85
Germany,Riesling,90
Germany,Riesling,91
Germany,Riesling,89
Germany,Riesling,89
Germany,Riesling,90
Germany,Riesling,90
Germany,Weissburgunder,84
Germany,White Blend,84
Germany,Riesling,89
Germany,Riesling,89
Germany,Riesling,84
Germany,Riesling,89
Germany,Riesling,90
Germany,Riesling,90
Germany,Riesling,89
Germany,Riesling,89
Germany,Riesling,82
Germany,Pinot Noir,82
Germany,Sparkling Blend,81
Germany,Riesling,88
Germany,Riesling,94
Germany,Riesling,88
Germany,Riesling,88
Germany,Riesling,88
Germany,Riesling,88
Germany,Riesling,88
Germany,Riesling,91
Germany,Riesling,91
Germany,Riesling,87
Germany,Riesling,90
Germany,Riesling,90
Germany,Riesling,90
Germany,Riesling,90
Germany,Riesling,87
Germany,Riesling,89
Germany,Riesling,89
Germany,Riesling,89
Germany,Riesling,88
Germany,Riesling,88
Germany,Riesling,88
Germany,Riesling,88
Germany,Riesling,85
Germany,Riesling,88
Germany,Riesling,87
Germany,Riesling,86
Germany,Riesling,86
Germany,Riesling,86
Germany,Riesling,86
Germany,Riesling,86
Germany,Riesling,86
Germany,Riesling,86
Germany,Riesling,85
Germany,Riesling,85
Germany,Riesling,85
Germany,Riesling,84
Germany,Riesling,84
Germany,Riesling,92
Germany,Riesling,84
Germany,Riesling,83
Germany,Riesling,90
Germany,Riesling,90
Germany,Riesling,89
Germany,Riesling,89
Germany,Riesling,89
Germany,Riesling,88
Germany,Riesling,88
Germany,Riesling,88
Germany,Riesling,88
Germany,Riesling,87
Germany,Riesling,92
Germany,Riesling,92
Germany,Riesling,86
Germany,Riesling,86
Germany,Riesling,91
Germany,Riesling,86
Germany,Riesling,91
Germany,Riesling,91
Germany,Riesling,91
Germany,Riesling,90
Germany,Riesling,90
Germany,Riesling,84
Germany,Riesling,90
Germany,Riesling,90
Germany,Riesling,90
Germany,Riesling,90
Germany,Riesling,89
Germany,Riesling,89
Germany,Riesling,89
Germany,Riesling,89
Germany,Pinot Noir,88
Germany,Riesling,88
Germany,Riesling,88
Germany,Riesling,88
Germany,Riesling,88
Germany,Riesling,88
Germany,Pinot Noir,88
Germany,Riesling,88
Germany,Riesling,88
Germany,Kerner,90
Germany,Riesling,90
Germany,Riesling,89
Germany,Riesling,87
Germany,Riesling,87
Germany,Riesling,86
Germany,Riesling,86
Germany,Riesling,86
Germany,Riesling,86
Germany,Riesling,86
Germany,Riesling,86
Germany,Riesling,85
Germany,Riesling,84
Germany,Riesling,84
Germany,Riesling,84
Germany,Riesling,84
Germany,Riesling,84
Germany,Riesling,84
Germany,Riesling,84
Germany,Riesling,84
Germany,Riesling,83
Germany,Riesling,82
Germany,Riesling,82
Germany,Riesling,81
Germany,Riesling,92
Germany,Riesling,92
Germany,Riesling,92
Germany,Riesling,92
Germany,Riesling,88
Germany,Riesling,92
Germany,Riesling,92
Germany,Riesling,92
Germany,Riesling,92
Germany,Riesling,92
Germany,Riesling,92
Germany,Riesling,92
Germany,Riesling,91
Germany,Riesling,92
Germany,Riesling,92
Germany,Riesling,92
Germany,Riesling,92
Germany,Riesling,92
Germany,Riesling,92
Germany,Riesling,91
Germany,Riesling,91
Germany,Riesling,92
Germany,Riesling,91
Germany,Riesling,91
Germany,Riesling,91
Germany,Riesling,91
Germany,Riesling,91
Germany,Riesling,91
Germany,Riesling,91
Germany,Riesling,91
Germany,Riesling,91
Germany,Riesling,91
Germany,Riesling,91
Germany,Riesling,91
Germany,Riesling,91
Germany,Riesling,91
Germany,Riesling,91
Germany,Riesling,91
Germany,Riesling,91
Germany,Riesling,91
Germany,Riesling,91
Germany,Riesling,91
Germany,Riesling,91
Germany,Riesling,91
Germany,Riesling,91
Germany,Riesling,91
Germany,Riesling,91
Germany,Riesling,91
Germany,Riesling,91
Germany,Spätburgunder,90
Germany,Riesling,91
Germany,Riesling,91
Germany,Riesling,90
Germany,Riesling,90
Germany,Riesling,90
Germany,Riesling,90
Germany,Riesling,90
Germany,Riesling,90
Germany,Riesling,90
Germany,Riesling,90
Germany,Riesling,90
Germany,Riesling,90
Germany,Riesling,90
Germany,Riesling,90
Germany,Riesling,90
Germany,Riesling,90
Germany,Riesling,90
Germany,Riesling,90
Germany,Riesling,90
Germany,Riesling,90
Germany,Riesling,90
Germany,Riesling,90
Germany,Riesling,90
Germany,Riesling,90
Germany,Riesling,90
Germany,Riesling,90
Germany,Riesling,90
Germany,Riesling,86
Germany,Spätburgunder,90
Germany,Riesling,90
Germany,Riesling,90
Germany,Riesling,90
Germany,Riesling,90
Germany,Riesling,90
Germany,Riesling,90
Germany,Riesling,90
Germany,Riesling,90
Germany,Riesling,90
Germany,Riesling,90
Germany,Riesling,90
Germany,Riesling,90
Germany,Riesling,89
Germany,Riesling,90
Germany,Riesling,89
Germany,Riesling,92
Germany,Riesling,89
Germany,Spätburgunder,89
Germany,Riesling,89
Germany,Riesling,89
Germany,Riesling,89
Germany,Riesling,89
Germany,Riesling,89
Germany,Riesling,91
Germany,Pinot Noir,89
Germany,Riesling,89
Germany,Riesling,88
Germany,Riesling,88
Germany,Riesling,87
Germany,Gewürztraminer,88
Germany,Rosé,88
Germany,Spätburgunder,89
Germany,Riesling,89
Germany,Riesling,89
Germany,Pinot Noir,88
Germany,Riesling,88
Germany,Pinot Noir,88
Germany,Riesling,88
Germany,Pinot Noir,88
Germany,Riesling,90
Germany,Riesling,90
Germany,Spätburgunder,87
Germany,Riesling,87
Germany,Cabernet Sauvignon,87
Germany,Riesling,87
Germany,Riesling,87
Germany,Riesling,90
Germany,Riesling,90
Germany,Riesling,90
Germany,Riesling,87
Germany,Pinot Noir,87
Germany,Riesling,87
Germany,White Blend,87
Germany,Riesling,88
Germany,Spätburgunder,88
Germany,Riesling,89
Germany,Riesling,87
Germany,Riesling,87
Germany,Riesling,87
Germany,Riesling,86
Germany,Riesling,88
Germany,Riesling,89
Germany,Spätburgunder,86
Germany,Pinot Noir,87
Germany,Riesling,87
Germany,Riesling,86
Germany,Riesling,88
Germany,Rosé,87
Germany,Riesling,86
Germany,Gewürztraminer,87
Germany,Spätburgunder,87
Germany,Pinot Noir,87
Germany,Riesling,88
Germany,Riesling,86
Germany,Riesling,85
Germany,Riesling,85
Germany,Pinot Noir,87
Germany,Pinot Gris,86
Germany,Pinot Noir,86
Germany,Riesling,85
Germany,Riesling,85
Germany,Riesling,85
Germany,Riesling,85
Germany,Riesling,87
Germany,Spätburgunder,87
Germany,Spätburgunder,87
Germany,Riesling,87
Germany,Riesling,87
Germany,Riesling,86
Germany,Gewürztraminer,86
Germany,Riesling,86
Germany,Riesling,85
Germany,Spätburgunder,86
Germany,Spätburgunder,86
Germany,Riesling,85
Germany,Riesling,84
Germany,Riesling,84
Germany,Riesling,86
Germany,Spätburgunder,86
Germany,Riesling,86
Germany,Spätburgunder,82
Germany,Spätburgunder,81
Germany,Spätburgunder,85
Germany,Riesling,85
Germany,Riesling,85
Germany,Spätburgunder,85
Germany,Riesling,85
Germany,Riesling,85
Germany,Riesling,85
Germany,Riesling,84
Germany,Riesling,84
Germany,Riesling,84
Germany,Riesling,84
Germany,Riesling,84
Germany,Riesling,85
Germany,Riesling,84
Germany,Riesling,85
Germany,Riesling,83
Germany,Gewürztraminer,82
Germany,Riesling,85
Germany,Riesling,85
Germany,Riesling,84
Germany,Riesling,84
Germany,Silvaner,85
Germany,Riesling,92
Germany,Riesling,92
Germany,Riesling,92
Germany,Riesling,92
Germany,Riesling,91
Germany,Riesling,91
Germany,Riesling,91
Germany,White Blend,82
Germany,Riesling,91
Germany,Riesling,91
Germany,Riesling,91
Germany,Riesling,91
Germany,Riesling,90
Germany,Riesling,90
Germany,Riesling,90
Germany,Riesling,90
Germany,Silvaner,86
Germany,Riesling,90
Germany,Riesling,90
Germany,Riesling,90
Germany,Riesling,89
Germany,Riesling,89
Germany,Riesling,89
Germany,Sparkling Blend,85
Germany,Riesling,84
Germany,Riesling,89
Germany,Riesling,89
Germany,Riesling,89
Germany,Riesling,84
Germany,Riesling,89
Germany,Riesling,89
Germany,Riesling,88
Germany,Riesling,88
Germany,Riesling,88
Germany,Riesling,87
Germany,Riesling,87
Germany,Riesling,94
Germany,Riesling,87
Germany,Riesling,87
Germany,Riesling,92
Germany,Riesling,92
Germany,Riesling,92
Germany,Riesling,87
Germany,Riesling,92
Germany,Riesling,92
Germany,Riesling,92
Germany,Riesling,92
Germany,Riesling,91
Germany,Riesling,91
Germany,Riesling,91
Germany,Riesling,91
Germany,Riesling,90
Germany,Riesling,90
Germany,Riesling,90
Germany,Riesling,86
Germany,Riesling,86
Germany,Riesling,90
Germany,Riesling,90
Germany,Riesling,92
Germany,Riesling,92
Germany,Spätburgunder,90
Germany,Riesling,89
Germany,Riesling,85
Germany,Riesling,91
Germany,Riesling,89
Germany,Riesling,89
Germany,Riesling,89
Germany,Riesling,85
Germany,Riesling,85
Germany,Riesling,91
Germany,Riesling,91
Germany,Riesling,89
Germany,Riesling,84
Germany,Riesling,91
Germany,Riesling,90
Germany,Riesling,89
Germany,Spätburgunder,89
Germany,Riesling,89
Germany,Riesling,89
Germany,Muskateller,89
Germany,Riesling,90
Germany,Riesling,89
Germany,Riesling,88
Germany,Traminer,88
Germany,Riesling,90
Germany,Riesling,90
Germany,Riesling,88
Germany,Spätburgunder,88
Germany,Riesling,90
Germany,Riesling,90
Germany,Riesling,88
Germany,Riesling,88
Germany,Riesling,88
Germany,Riesling,89
Germany,Riesling,89
Germany,Riesling,88
Germany,Riesling,89
Germany,Riesling,89
Germany,Pinot Noir,88
Germany,Riesling,88
Germany,Riesling,88
Germany,Riesling,88
Germany,Riesling,88
Germany,Riesling,88
Germany,Pinot Noir,88
Germany,Riesling,88
Germany,Riesling,88
Germany,Riesling,88
Germany,Silvaner,87
Germany,Riesling,87
Germany,Riesling,87
Germany,Riesling,87
Germany,Riesling,87
Germany,Riesling,87
Germany,Riesling,87
Germany,Riesling,97
Germany,Riesling,96
Germany,Riesling,94
Germany,Riesling,87
Germany,Riesling,87
Germany,Riesling,93
Germany,Riesling,93
Germany,Riesling,93
Germany,Riesling,93
Germany,Riesling,93
Germany,Riesling,93
Germany,Riesling,87
Germany,Spätburgunder,86
Germany,Riesling,92
Germany,Riesling,86
Germany,Riesling,86
Germany,Riesling,86
Germany,Riesling,86
Germany,Riesling,86
Germany,Riesling,91
Germany,Riesling,90
Germany,Riesling,90
Germany,Riesling,86
Germany,Riesling,86
Germany,Riesling,86
Germany,Silvaner,86
Germany,Gewürztraminer,90
Germany,Riesling,86
Germany,Riesling,86
Germany,Riesling,89
Germany,Riesling,86
Germany,Riesling,86
Germany,Riesling,86
Germany,Riesling,86
Germany,Riesling,89
Germany,Riesling,86
Germany,Riesling,85
Germany,Riesling,85
Germany,Riesling,92
Germany,Riesling,92
Germany,Riesling,85
Germany,Riesling,85
Germany,Silvaner,85
Germany,Pinot Noir,85
Germany,Riesling,91
Germany,Riesling,85
Germany,Riesling,85
Germany,Riesling,85
Germany,Riesling,93
Germany,Riesling,91
Germany,Silvaner,85
Germany,Riesling,85
Germany,Riesling,85
Germany,Riesling,93
Germany,Riesling,93
Germany,Riesling,93
Germany,Riesling,92
Germany,Riesling,90
Germany,Riesling,84
Germany,Riesling,84
Germany,Spätburgunder,84
Germany,Silvaner,84
Germany,Riesling,90
Germany,Riesling,90
Germany,Riesling,90
Germany,Riesling,90
Germany,Riesling,92
Germany,Riesling,92
Germany,Riesling,92
Germany,Riesling,92
Germany,Riesling,84
Germany,Riesling,84
Germany,Riesling,84
Germany,Silvaner,84
Germany,Riesling,90
Germany,Riesling,91
Germany,Riesling,91
Germany,Riesling,91
Germany,Riesling,91
Germany,Riesling,91
Germany,Riesling,91
Germany,Riesling,84
Germany,Riesling,83
Germany,Riesling,90
Germany,Riesling,91
Germany,Riesling,91
Germany,Riesling,91
Germany,Riesling,91
Germany,Riesling,86
Germany,Riesling,83
Germany,Riesling,83
Germany,Silvaner,83
Germany,Riesling,83
Germany,Riesling,83
Germany,Riesling,89
Germany,Riesling,91
Germany,Riesling,90
Germany,Riesling,90
Germany,Riesling,90
Germany,Silvaner,83
Germany,Riesling,83
Germany,Riesling,83
Germany,Riesling,83
Germany,Silvaner,82
Germany,Silvaner,82
Germany,Silvaner,82
Germany,Riesling,82
Germany,Riesling,89
Germany,Riesling,89
Germany,Riesling,89
Germany,Riesling,90
Germany,Riesling,90
Germany,Riesling,90
Germany,Spätburgunder,87
Germany,Riesling,97
Germany,Riesling,96
Germany,Riesling,82
Germany,Riesling,88
Germany,Riesling,88
Germany,Riesling,90
Germany,Riesling,90
Germany,Riesling,95
Germany,Riesling,88
Germany,Riesling,88
Germany,Riesling,90
Germany,Riesling,90
Germany,Riesling,92
Germany,Riesling,93
Germany,Riesling,93
Germany,Riesling,93
Germany,Riesling,93
Germany,Riesling,93
Germany,Riesling,85
Germany,Riesling,85
Germany,Riesling,88
Germany,Riesling,88
Germany,Riesling,89
Germany,Riesling,89
Germany,Riesling,92
Germany,Riesling,92
Germany,Riesling,91
Germany,Riesling,92
Germany,Riesling,92
Germany,Riesling,92
Germany,Riesling,87
Germany,Riesling,89
Germany,Riesling,91
Germany,Riesling,92
Germany,Riesling,92
Germany,Riesling,92
Germany,Riesling,91
Germany,Chardonnay-Pinot Blanc,87
Germany,Riesling,87
Germany,Riesling,87
Germany,Riesling,88
Germany,Riesling,90
Germany,Riesling,90
Germany,Riesling,91
Germany,Riesling,91
Germany,Riesling,91
Germany,Riesling,83
Germany,Riesling,91
Germany,Riesling,91
Germany,Riesling,91
Germany,Riesling,91
Germany,Riesling,94
Germany,Riesling,87
Germany,Riesling,88
Germany,Riesling,88
Germany,Riesling,90
Germany,Riesling,90
Germany,Riesling,91
Germany,Chardonnay,91
Germany,Weissburgunder,90
Germany,Riesling,90
Germany,Riesling,90
Germany,Riesling,92
Germany,Riesling,92
Germany,Riesling,92
Germany,Riesling,92
Germany,Riesling,87
Germany,Riesling,89
Germany,Riesling,89
Germany,Riesling,90
Germany,Riesling,90
Germany,Riesling,90
Germany,Riesling,90
Germany,Riesling,90
Germany,Riesling,92
Germany,Riesling,92
Germany,Riesling,86
Germany,Riesling,87
Germany,Riesling,90
Germany,Riesling,92
Germany,Riesling,91
Germany,Riesling,91
Germany,Chardonnay Weissburgunder,90
Germany,Riesling,90
Germany,Riesling,91
Germany,Riesling,91
Germany,Riesling,91
Germany,Riesling,91
Germany,Riesling,85
Germany,Pinot Gris,85
Germany,Riesling,87
Germany,Riesling,88
Germany,Riesling,88
Germany,Riesling,88
Germany,Riesling,90
Germany,Riesling,90
Germany,Riesling,90
Germany,Riesling,89
Germany,Riesling,89
Germany,Riesling,89
Germany,Riesling,89
Germany,Riesling,89
Germany,Riesling,90
Germany,Pinot Gris,85
Germany,Riesling,87
Germany,Riesling,89
Germany,Riesling,89
Germany,Riesling,89
Germany,Riesling,89
Germany,Riesling,89
Germany,Riesling,90
Germany,Riesling,84
Germany,Riesling,86
Germany,Riesling,86
Germany,Riesling,86
Germany,Pinot Blanc,89
Germany,Riesling,89
Germany,Gewürztraminer,89
Germany,Riesling,89
Germany,Gewürztraminer,89
Germany,Riesling,89
Germany,Gewürztraminer,89
Germany,Riesling,90
Germany,Gewürztraminer,84
Germany,Riesling,87
Germany,Riesling,89
Germany,Gewürztraminer,89
Germany,Riesling,90
Germany,Riesling,88
Germany,Scheurebe,88
Germany,Riesling,89
Germany,Riesling,89
Germany,Riesling,88
Germany,Riesling,88
Germany,Riesling,88
Germany,Riesling,88
Germany,Riesling,88
Germany,Riesling,88
Germany,Riesling,89
Germany,Riesling,89
Germany,Pinot Gris,82
Germany,Riesling,88
Germany,Riesling,85
Germany,Riesling,89
Germany,Riesling,87
Germany,Riesling,88
Germany,Riesling,88
Germany,Riesling,86
Germany,Riesling,86
Germany,Riesling,86
Germany,Riesling,86
Germany,Riesling,86
Germany,Riesling,86
Germany,Riesling,88
Germany,Riesling,86
Germany,Riesling,87
Germany,Riesling,85
Germany,Riesling,85
Germany,Riesling,85
Germany,Riesling,84
Germany,Riesling,84
Germany,Riesling,92
Germany,Riesling,84
Germany,Riesling,83
Germany,Riesling,97
Germany,Riesling,96
Germany,Riesling,95
Germany,Riesling,94
Germany,Riesling,94
Germany,Riesling,92
Germany,Riesling,90
Germany,Riesling,90
Germany,Riesling,92
Germany,Riesling,91
Germany,Riesling,91
Germany,Riesling,89
Germany,Riesling,89
Germany,Riesling,91
Germany,Riesling,91
Germany,Riesling,90
Germany,Riesling,90
Germany,Riesling,94
Germany,Riesling,93
Germany,Riesling,92
Germany,Riesling,92
Germany,Riesling,92
Germany,Riesling,91
Germany,Riesling,91
Germany,Riesling,91
Germany,Riesling,91
Germany,Riesling,90
Germany,Riesling,90
Germany,Riesling,90
Germany,Riesling,89
Germany,Riesling,89
Germany,Riesling,89
Germany,Riesling,89
Germany,Riesling,89
Germany,Riesling,89
Germany,Riesling,89
Germany,Riesling,88
Germany,Riesling,88
Germany,Riesling,88
Germany,Riesling,88
Germany,Riesling,88
Germany,Riesling,87
Germany,Riesling,87
Germany,Riesling,87
Germany,Riesling,86
Germany,Riesling,86
Germany,Riesling,85
Germany,Riesling,84
Germany,Riesling,84
Germany,Riesling,84
Germany,Riesling,83
Germany,Riesling,82
Germany,Riesling,84
Germany,Riesling,83
Germany,Riesling,84
Germany,Riesling,86
Germany,Riesling,86
Germany,Riesling,83
Germany,Riesling,83
Germany,Riesling,83
Germany,Silvaner,83
Germany,Riesling,83
Germany,Riesling,83
Germany,Gewürztraminer,82
Germany,Silvaner,83
Germany,Riesling,83
Germany,Riesling,83
Germany,Riesling,83
Germany,Silvaner,82
Germany,Silvaner,82
Germany,Silvaner,82
Germany,Riesling,82
Germany,Riesling,82
Germany,Riesling,85
Germany,Riesling,85
Germany,Riesling,85
Germany,Riesling,84
Germany,Riesling,86
Germany,Riesling,91
Germany,Riesling,90
Germany,Riesling,90
Germany,Riesling,90
Germany,Riesling,90
Germany,Riesling,90
Germany,Riesling,90
Germany,Riesling,90
Germany,Riesling,90
Germany,Riesling,90
Germany,Riesling,90
Germany,Silvaner,86
Germany,Riesling,89
Germany,Riesling,89
Germany,Riesling,89
Germany,Sparkling Blend,85
Germany,Riesling,84
Germany,Riesling,88
Germany,Riesling,84
Germany,Riesling,88
Germany,Riesling,88
Germany,Riesling,87
Germany,Riesling,87
Germany,Riesling,87
Germany,Riesling,87
Germany,Riesling,86
Germany,Riesling,86
Germany,Riesling,86
Germany,Riesling,97
Germany,Riesling,96
Germany,Riesling,95
Germany,Riesling,94
Germany,Riesling,94
Germany,Riesling,94
Germany,Riesling,93
Germany,Riesling,93
Germany,Riesling,93
Germany,Riesling,93
Germany,Riesling,92
Germany,Riesling,92
Germany,Riesling,92
Germany,Riesling,92
Germany,Riesling,90
Germany,Riesling,90
Germany,Riesling,90
Germany,Riesling,90
Germany,Riesling,85
Germany,Riesling,85
Germany,Riesling,85
Germany,Riesling,85
Germany,Riesling,90
Germany,Riesling,90
Germany,Riesling,89
Germany,Riesling,89
Germany,Riesling,94
Germany,Riesling,89
Germany,Riesling,92
Germany,Riesling,92
Germany,Riesling,92
Germany,Riesling,92
Germany,Riesling,92
Germany,Riesling,92
Germany,Riesling,92
Germany,Riesling,92
Germany,Riesling,91
Germany,Riesling,92
Germany,Riesling,92
Germany,Riesling,88
Germany,Riesling,88
Germany,Riesling,88
Germany,Riesling,92
Germany,Riesling,91
Germany,Riesling,91
Germany,Riesling,91
Germany,Riesling,91
Germany,Riesling,91
Germany,Riesling,91
Germany,Riesling,91
Germany,Riesling,90
Germany,Riesling,91
Germany,Riesling,90
Germany,Riesling,90
Germany,Riesling,90
Germany,Riesling,90
Germany,Riesling,90
Germany,Riesling,87
Germany,Riesling,91
Germany,Riesling,91
Germany,Riesling,90
Germany,Riesling,90
Germany,Riesling,91
Germany,Riesling,90
Germany,Riesling,90
Germany,Riesling,90
Germany,Riesling,90
Germany,Riesling,90
Germany,Riesling,89
Germany,Riesling,90
Germany,Riesling,90
Germany,Riesling,89
Germany,Riesling,89
Germany,Riesling,89
Germany,Riesling,89
Germany,Riesling,89
Germany,Riesling,90
Germany,Riesling,90
Germany,Riesling,85
Germany,Riesling,89
Germany,Riesling,89
Germany,Riesling,88
Germany,Riesling,88
Germany,Riesling,89
Germany,Riesling,89
Germany,Riesling,88
Germany,Riesling,88
Germany,Riesling,89
Germany,Riesling,88
Germany,Riesling,88
Germany,Riesling,89
Germany,Riesling,88
Germany,Riesling,87
Germany,Riesling,89
Germany,Pinot Noir,88
Germany,Riesling,88
Germany,Chardonnay-Pinot Blanc,87
Germany,Riesling,87
Germany,Riesling,87
Germany,Riesling,88
Germany,Riesling,88
Germany,Riesling,88
Germany,Silvaner,85
Germany,Riesling,88
Germany,Riesling,88
Germany,Riesling,88
Germany,Riesling,87
Germany,Riesling,87
Germany,Pinot Noir,88
Germany,Riesling,88
Germany,Riesling,88
Germany,Riesling,88
Germany,Riesling,90
Germany,Riesling,90
Germany,Riesling,86
Germany,Riesling,92
Germany,Riesling,89
Germany,White Blend,82
Germany,Riesling,94
Germany,Silvaner,87
Germany,Riesling,87
Germany,Riesling,89
Germany,Riesling,89
Germany,Riesling,88
Germany,Riesling,85
Germany,Pinot Gris,85
Germany,Riesling,93
Germany,Riesling,87
Germany,Riesling,87
Germany,Riesling,88
Germany,Riesling,88
Germany,Riesling,88
Germany,Riesling,88
Germany,Pinot Gris,85
Germany,Riesling,92
Germany,Riesling,92
Germany,Riesling,92
Germany,Riesling,87
Germany,Riesling,87
Germany,Riesling,87
Germany,Riesling,88
Germany,Riesling,88
Germany,Riesling,88
Germany,Riesling,84
Germany,Riesling,91
Germany,Riesling,90
Germany,Riesling,90
Germany,Riesling,87
Germany,Riesling,87
Germany,Riesling,87
Germany,Riesling,87
Germany,Riesling,87
Germany,Gewürztraminer,84
Germany,Riesling,91
Germany,Riesling,91
Germany,Riesling,91
Germany,Riesling,90
Germany,Riesling,89
Germany,Riesling,89
Germany,Riesling,87
Germany,Spätburgunder,86
Germany,Riesling,87
Germany,Riesling,89
Germany,Riesling,84
Germany,Riesling,87
Germany,Riesling,83
Germany,Riesling,87
Germany,Riesling,87
Germany,Riesling,86
Germany,Riesling,86
Germany,Riesling,86
Germany,Pinot Gris,82
Germany,Riesling,88
Germany,Riesling,88
Germany,White Blend,87
Germany,Müller-Thurgau,86
Germany,Riesling,86
Germany,Riesling,86
Germany,Riesling,88
Germany,Riesling,88
Germany,Riesling,86
Germany,Riesling,86
Germany,Riesling,85
Germany,Riesling,85
Germany,Riesling,85
Germany,Riesling,85
Germany,Riesling,85
Germany,Riesling,87
Germany,Riesling,85
Germany,Riesling,84
Germany,Spätburgunder,84
Germany,Riesling,84
Germany,Riesling,84
Germany,Riesling,84
Germany,Riesling,86
Germany,Riesling,86
Germany,Riesling,91
Germany,Riesling,91
Germany,Riesling,84
Germany,Pinot Gris,84
Germany,Riesling,83
Germany,Müller-Thurgau,83
Germany,Pinot Gris,83
Germany,Müller-Thurgau,83
Germany,Riesling,83
Germany,Pinot Noir,83
Germany,Riesling,86
Germany,Sauvignon Blanc,83
Germany,Riesling,82
Germany,Riesling,82
Germany,Riesling,80
Germany,Riesling,90
Germany,Riesling,89
Germany,Riesling,89
Germany,Riesling,89
Germany,Riesling,89
Germany,Riesling,89
Germany,Riesling,88
Germany,Riesling,88
Germany,Riesling,88
Germany,Riesling,84
Germany,Riesling,88
Germany,Riesling,88
Germany,Riesling,88
Germany,Riesling,87
Germany,Riesling,97
Germany,Riesling,96
Germany,Riesling,95
Germany,Riesling,94
Germany,Riesling,94
Germany,Riesling,92
Germany,Riesling,92
Germany,Riesling,91
Germany,Riesling,91
Germany,Riesling,91
Germany,Riesling,91
Germany,Riesling,90
Germany,Riesling,90
Germany,Kerner,90
Germany,Riesling,90
Germany,Riesling,90
Germany,Riesling,90
Germany,Riesling,90
Germany,Riesling,90
Germany,Riesling,89
Germany,Riesling,90
Germany,Riesling,89
Germany,Riesling,90
Germany,Riesling,89
Germany,Huxelrebe,88
Germany,Riesling,88
Germany,Riesling,88
Germany,Chardonnay,88
Germany,Riesling,94
Germany,Riesling,93
Germany,Riesling,92
Germany,Riesling,92
Germany,Riesling,92
Germany,Riesling,91
Germany,Riesling,91
Germany,Riesling,91
Germany,Riesling,90
Germany,Riesling,90
Germany,Riesling,90
Germany,Riesling,89
Germany,Riesling,89
Germany,Riesling,89
Germany,Riesling,87
Germany,Riesling,87
Germany,Riesling,87
Germany,Riesling,89
Germany,Riesling,89
Germany,Riesling,88
Germany,Riesling,88
Germany,Riesling,88
Germany,Red Blend,88
Germany,Riesling,88
Germany,Riesling,86
Germany,Riesling,86
Germany,Riesling,87
Germany,Riesling,87
Germany,Riesling,87
Germany,Riesling,87
Germany,Riesling,87
Germany,Riesling,87
Germany,Riesling,86
Germany,Riesling,86
Germany,Riesling,87
Germany,Riesling,84
Germany,Riesling,82
Germany,Riesling,87
Germany,Sparkling Blend,85
Germany,Riesling,85
Germany,Riesling,89
Germany,Weissburgunder,84
Germany,White Blend,84
Germany,Riesling,84
Germany,Riesling,87
Germany,Riesling,82
Germany,Pinot Noir,82
Germany,Sparkling Blend,81
Germany,Riesling,94
Germany,Riesling,91
Germany,Riesling,91
Germany,Riesling,90
Germany,Riesling,90
Germany,Riesling,90
Germany,Riesling,90
Germany,Riesling,89
Germany,Riesling,89
Germany,Riesling,89
Germany,Riesling,88
Germany,Riesling,88
Germany,Riesling,88
Germany,Riesling,88
Germany,Riesling,88
Germany,Riesling,87
Germany,Riesling,86
Germany,Riesling,86
Germany,Riesling,86
Germany,Riesling,86
Germany,Riesling,86
Germany,Riesling,86
Germany,Riesling,86
Germany,Riesling,85
Germany,Riesling,85
Germany,Riesling,85
Germany,Riesling,84
Germany,Riesling,84
